Datum,Uhrzeit,Thema,Standort,Teilnehmer,sheet_name
2021-03-26 00:00:00,15.00-16.00,"Austritt aus der Istanbuler Konvention ist nicht akzeptabel, sie wird zurückkommen",Schevenbrücke/Europapl.,50,2021
2021-03-27 00:00:00,12.05-13.05,Mahnwache/Kundgebung für Naturschutz an der Höffner Baustelle,Prüner Schlag/Höffner,50 - 100,2021
2021-03-27 00:00:00,10.00-13.00,Kieler Friedensforum,Kl. Kuhberg/Knooper Weg,3,2021
2021-03-28 00:00:00,14.00-16.00,Eure Krisen-nicht auf unserem Nacken,Aufzug/Hauptbahnhof,40,2021
2021-03-28 00:00:00,14.00-17.00,10. Jahrestag der syrischen Revolution,Stresemannplatz,50 - 100,2021
2021-03-28 00:00:00,10.30-17.30,Falun Gong-Verbrechen der kommunistischen Partei Chinas aufdecken,neben Nordwind,8,2021
2021-03-29 00:00:00,17.00-19.00,Für Lebensfreude + Selbstbestimmung - gegen den Lockdown,Exerzierplatz/Aufzug,100,2021
2021-03-30 00:00:00,12.00-14.00,Zukunft sichern - IG Metall Tarifbewegung Metall- und Elektroindustrie,Germaniahafen/Aufzug,100,2021
2021-03-30 00:00:00,12.00-14.00,Demonstration für Wirtschaft und Pflege,Landtag,100,2021
2021-03-31 00:00:00,15.00-17.00,Trans Day of Visibility,"Kiellinie, Rückseite Landtag",5-10,2021
2021-04-01 00:00:00,18.30-19.45,Mega-Lockdown? Nicht mit uns,Exer/Aufzug,,2021
2021-04-03 00:00:00,11.00-13.00,Ostermarsch 2021/Menschenkette,"Aufzug, Menschenkette",100 - 200,2021
2021-04-04 00:00:00,,"Freiheit auf zwei Rädern, Gegen Kontaktbeschränkungen, gegen Motorradfahrverbote",Rastorfer Kreuz,entfällt,2021
2021-04-04 00:00:00,10.30-18.00,Falun Gong-Verbrechen der kommunistischen Partei Chinas aufdecken,Kiellinie neben Nordwind,3-8,2021
2021-04-04 00:00:00,14.00-16.00,Freiheit für Abdullah Öcalan,Platz der Matrosen,30,2021
2021-04-05 00:00:00,17.00-18.30,Spaziergang für unsere Grundrechte,Exer/Aufzug,100,2021
2021-04-06 00:00:00,12.00-14.00,für Wirtschaft und Pflege,Landtag,100,2021
2021-04-08 00:00:00,18:30-20:00,"Für Grundgesetz -
Gegen den Lockdown-Wahnsinn",Exer/Aufzug,100,2021
2021-04-12 00:00:00,17:00-18:45,"Für ein selbstbestimmtes,
eigenverantwortliches Leben
ohne Lockdown-Bevormundung",Exer/Aufzug,100,2021
2021-04-13 00:00:00,18:00-20:00,"Gegen Rechtsextremismus, Rassismus und Antisemitismus",Rathausplatz,250,2021
2021-04-13 00:00:00,12:00-14:00,Für Wirtschaft und Pflege,Landeshaus,100,2021
2021-04-15 00:00:00,18:30-20:30,Ist Schweigen verhältnismäßig?,Exer/Aufzug,50-150,2021
2021-04-16 00:00:00,17:00-20:00,Für eine solidarische Lösung der Krisen,Vinetaplatz,50,2021
2021-04-16 00:00:00,16:00-17:30,No Covid! Exponentielles Wachstum wirklich stoppen! Jetzt auf die Wissenschaft hören!,Rathausplatz,100,2021
2021-04-16 00:00:00,14:30-16:00,Jugend gegen Corona,Schevenbrücke,35-40,2021
2021-04-17 00:00:00,12.00-15.00,Schluß mit Lockdown,Reventlouwiese/Aufzug,200,2021
2021-04-17 00:00:00,16.00-18:00,Schluß mit Lockdown,Reventlouwiese,200,2021
2021-04-17 00:00:00,14.00-18.00,"Ein Jahr Pandemie-Lockdown, es reicht",Reventlouwiese/Aufzug und Versammlung,100+,2021
2021-04-17 00:00:00,10.00-11:30,Es reicht uns mit dem Lockdown!,Exer/Aufzug,500,2021
2021-04-17 00:00:00,13:00-16:00,Solidarisch kämpfen statt Verschwörungsmärchen,Aufzug/B.Minetti-Platz,100,2021
2021-04-17 00:00:00,10:00 - 18:00,Verfolgung von Falun Gong,Revenlouwiese neben Nordwind,3-8,2021
2021-04-18 00:00:00,14:00-18:00,Profiteure der Corona-Krise,Kiellinie/Landtag,20,2021
2021-04-19 00:00:00,17:00-18:45,Gegen die extrem unverhältnismäßigen Corona-Maßnahhmen,Aufzug/Exerzierplatz,100,2021
2021-04-20 00:00:00,13:00-15:00,Ohne uns geht nix - Reinigungskräfte machen auf sich aufmerksam,Platz der Kieler Matrosen,50,2021
2021-04-21 00:00:00,09:30-12:30,Tarifverhandlungen ServiceSternNord/Gewerkschaft der Servicekräfte,Hospitalstarße/Arnold Heller-Straße,300,2021
2021-04-21 00:00:00,09.30-10:30,Tarifvertrag Studentische Beschäftigte/Forderungen an Lasse Petersdotter,Finanzministerium,10,2021
2021-04-22 00:00:00,08:30-12:00,Antirepression und solidarische Prozessbegleitung,Landgericht,50,2021
2021-04-22 00:00:00,18:30-20:00,Mega-Lockdown? Nicht mit uns,Exer/Aufzug,100,2021
2021-04-24 00:00:00,14:00-16:00,Gegen den Abschiebeknast in Glückstadt,Aufzug/Vinetaplatz,100,2021
2021-04-24 00:00:00,12:05-13:05,Mahnwache/Kundgebung für Naturschutz an der Höffner Baustelle,Prüne/Höffner,50 - 100,2021
2021-04-26 00:00:00,17:00-19:00,Für Lebensfreude und Selbst-bestimmung/Gegen den Lockdown-Wahnsinn,Aufzug/Exerzierplatz,100,2021
2021-04-28 00:00:00,13:00-17:00,Lieferkettengesetz,Kiel/Landtag,3,2021
2021-04-29 00:00:00,18:45-19:45,Mega-Lockdown? Nicht mit uns!,Aufzug/Exerzierplatz,150,2021
2021-04-30 00:00:00,10.00-12.00,Stattgebende Klage des BverfG von Fridays for Future gegen das KlimaschutzG der Bundesregierung,Rathausplatz,20-30-,2021
2021-04-30 00:00:00,19:00-22:00,Critical Mass - Fahr Rad!,Aufzug/Platz der Kieler Matrosen,100,2021
2021-04-30 00:00:00,14:00-16:00,stadtpolitische Themen,Rathausplatz,50,2021
2021-05-01 00:00:00,09:00-14:00,Tag der Arbeit,Exerzierplatz/Aufzug,350 Fahrzeuge,2021
2021-05-01 00:00:00,10:00-15:00,Freiheit-Religion,Rathausplatz,15,2021
2021-05-01 00:00:00,12:30-16:00,Heraus zum 1. Mai!,Aufzug/Platz der Kieler Matrosen,300,2021
2021-05-01 00:00:00,16:00-17:00,Silent Line zur Covid-Politik/No Covid,Rathausplatz,100,2021
2021-05-03 00:00:00,17:15-19:15,Für Lebensfreude und Selbstbestimmung und die bedingungslose Beendigung des Lockdowns,Aufzug/Exerzierplatz,100,2021
2021-05-05 00:00:00,15:00-17:00,Protesttag zur Gleichstellung von Menschen mit Behinderung,"Aufzug/Bahnhofsvor-
-platz",50,2021
2021-05-06 00:00:00,19:00-20:30,Zurück zum normalen Leben!,Aufzug/Bernhard Herms-Weg,200,2021
2021-05-07 00:00:00,14.00-16.30,Unzureichender Klimaschutz/SPD-Parteitag,Kleiner Kuhberg,100,2021
2021-05-08 00:00:00,14.00-17.00,Aktuelle Lage in Kurdistan/Thema Corona,Hermann Weigmann-Str. 20,20,2021
2021-05-10 00:00:00,17.00-18.00,Spaziergang für unsere Grundrechte,Aufzug/Exerzierplatz,20-50,2021
2021-05-11 00:00:00,19:00-20:00,Lichterkette zur Einhaltung der Istanbul-Konvention anlässlich der Jahrestags der Unterzeichnung,Rathausplatz,100,2021
2021-05-12 00:00:00,16:00-18:00,Tag der Pflege,Asmus Bremer-Platz/Holstenstraße,50,2021
2021-05-13 00:00:00,12.00-14.00,Wirtschaft und Pflege,Landtag,100,2021
2021-05-14 00:00:00,12.00 - 18.00,"Klimagerechtigkeit, FFF, Aktionstag gegen Commerzbank-für Divestment, gegen Kohle",Asmus-Bremer-Platz,10-50,2021
2021-05-15 00:00:00,12:30-15.30,Kieler Dragwalk,Aufzug/Blücherplatz,30,2021
2021-05-15 00:00:00,14:00-18:00,Kiel steht auf,Aufzug/Reventlouwiese,900,2021
2021-05-15 00:00:00,10:00-14:00,Für wissenschaftliche Evidenz,Aufzug/Rathausplatz,300,2021
2021-05-15 00:00:00,17:00-21:00,Für wissenschaftliche Evidenz,Aufzug/Bernhard Harms-Weg,300,2021
2021-05-15 00:00:00,15:00-18:00,?,Exerzierplatz,?,2021
2021-05-15 00:00:00,10.00-13.00,Für eine solidarische Stadt,Aufzug/Platz der Kieler Matrosen,1000,2021
2021-05-15 00:00:00,11:00-17:00,Für eine solidarische Stadt,Ostseekai/Aufzug Platz der Matrosen,100/1000,2021
2021-05-15 00:00:00,11.00-17.00,Kiel bleibt bunt,Asmus Bremer-Platz,100,2021
2021-05-15 00:00:00,12:00-17:00,Solidarisch in Kiel,Bootshafen,50,2021
2021-05-15 00:00:00,12:00-17:00,Das ist unsere Stadt - Hier ist kein Platz für Nazis!,Rathausplatz,100,2021
2021-05-15 00:00:00,14.00-16.00,Freiheit ist alternativlos,Aufzug/Bernhard Harms -Weg,15-300,2021
2021-05-15 00:00:00,14:00-17.00,Wir halten zusammen!,Aufzug/Wilhelmplatz,200 - 300,2021
2021-05-15 00:00:00,16.00-18.00,N. N.,Nordmarksportfeld,?,2021
2021-05-15 00:00:00,11.00-17.00,Für eine solidarische Stadt,Vinetaplatz,100,2021
2021-05-15 00:00:00,11:00-17:00,Aufstehen gegen Rassismus - Frühlingserwachen - Kundgebung,Fördeblick-Park,100,2021
2021-05-15 00:00:00,17.00-00.00,Für eine freundliche und schöne Welt,Moorteichwiese,2000,2021
2021-05-15 00:00:00,12.00-16.00,Weg mit § 218 und §219a StGB,Schevenbrücke,10-15,2021
2021-05-15 00:00:00,,Gegenden Angriff der des türkischen Militärs in Kurdistan (Irak) und Isolation von Abdullah Öcalan,Aufzug/ Platz der Matrosen,100,2021
2021-05-15 00:00:00,15.00-18.00,Die aktuelle Lage in Palästina,,,2021
2021-05-15 00:00:00,10:00 - 18:00,Verfolgung von Falun Gong,Reventlouwiese neben Nordwind,3-8,2021
2021-05-15 00:00:00,14.00-19-00,Solidarität mit Israel-gegen jeden Antisemitismus,Asmus-Bremer-Platz/Holstenstraße,50,2021
2021-05-17 00:00:00,15.00-17.00 ,Hoffnung schenken in der Krise,Bootshafen,7-10,2021
2021-05-17 00:00:00,17.00-18.00,Spaziergang für unsere Grundrechte,Aufzug/Exerzierplatz,30,2021
19.05.2021,9.00-13.00,Frauenhausfinanzierung sichern,"Fahrraddemo, Landtag",20-40,2021
20.05.2021,9.00-13.00,Frauenhausfinanzierung sichern,"Fahrraddemo, Landtag",20-40,2021
21.05.2021,9.00-13.00,Frauenhausfinanzierung sichern,"Fahrraddemo, Landtag",20-40,2021
2021-05-20 00:00:00,10.00-11.30,Für bessere Bezahlung-TVÖD auch für den Service im Städtischen KKH,Städtisches KKH,70,2021
2021-05-21 00:00:00,,Gegen Gentrifizierung in Gaarden,"Auf der Straße und auf dem Gehweg vor der Iltisstraße 34, 24143 Kiel",30-50,2021
2021-05-22 00:00:00,,EU-Mercosur-Abkommen,An der Reventloubrücke,6,2021
2021-05-22 00:00:00,10:00 - 18:00,Verfolgung von Falun Gong,Reventlouwiese neben Nordwind,3-8,2021
2021-05-22 00:00:00,14.00-19.00,Solidarität mit Israel-gegen jeden Antisemitismus,Hafenstraße,50,2021
2021-05-22 00:00:00,,Die aktuelle Lage in Palästina,Asmus-Bremer-Platz,200,2021
2021-05-22 00:00:00,,Jugend gegen die Krise,Werftpark und Aufzug,50,2021
2021-05-24 00:00:00,10.00 - 16.00,Autofreie Kiellinie - Kiel als Erholungsort,Nördliche Kiellinie,300,2021
2021-05-25 00:00:00,,Black lifes Matter-Gedenken an den Mord von George Floyd,Rathausplatz,15,2021
2021-05-29 00:00:00,12:05-13:05,Mahnwache Naturschutz Höffner-Baustelle,Prüne/Höffner,50-100,2021
2021-05-29 00:00:00,12.30-14.00,"Solidarität mit der HDP, Demokratie und Freiheit in der Türkei",Schevenbrücke,80-100,2021
2021-05-29 00:00:00,15.00-17.00,Stoppt die Masken- und Testpflicht im Schulunterricht,Schevenbrücke,40,2021
2021-05-29 00:00:00,15.00-16.30,Black lives still matter - Aufstehen gegen rassistische Polizeigewalt,Aufzug/Wilhelmplatz,10-100,2021
2021-05-31 00:00:00,17.00-18.00,Spaziergang für unsere Grundrechte,Aufzug/Exerzierplatz,30-50,2021
2021-06-02 00:00:00,14.00-16.30,Kritische Männlichkeit,Rathausplatz,50-75,2021
2021-06-04 00:00:00,14.00-17.00,"Verkehrswende, Südspange, geplanter Ausbau der A21, Tag des Fahrrads",Aufzug/Exerzierplatz,500,2021
2021-06-06 00:00:00,15.00-19.00,Verkehrswende,Reventlouwiese/Kiellinie,30,2021
2021-06-07 00:00:00,17.00-18-00,Spaziergang für unsere Grundrechte,Aufzug/Exerzierplatz,30,2021
2021-06-09 00:00:00,12.30-14.30,"FFF, Klimaschutz, Offener Brief der BI Klimanotstand Kiel und Unterstützer*innen an den OB",Rathausplatz,50,2021
2021-06-09 00:00:00,11.30-13.30,IG Metall Warnstreik Kfz-Tarifrunde 2021,Edisonstraße 44/MAN,30-50,2021
2021-06-10 00:00:00,15.30-17.00,Die Kosten der Krise fair und gerecht verteilen - Gleicher Lohn für alle Krankenhaus-Beschäftigten - Tariflohn auch für den Service,Schloßplatz,50,2021
2021-06-12 00:00:00,13.00-18.00,Tag für die Abschaffung der Bundeswehr,Brandenburger Straße vor der Brandtauchermole,10-20,2021
2021-06-12 00:00:00,17.30-21.00,Meine Stadt und kein Zuhaus. Obdachlosigkeit,Medusastraße 14,100,2021
2021-06-14 00:00:00,17.00-18.00,Spaziergang für unsere Grundrechte,Aufzug/Exerzierplatz,40,2021
2021-06-16 00:00:00,12.00-14.00,Protest anlässlich der Gesundheitsministerkonferenz,"Städtisches Krankenhaus, Chemnitzstr. 33",20,2021
2021-06-18 00:00:00,16.00-18.00,Marineübungen Baltops/Defender,Vorplatz Flandernbunker und Gorch Fock-Mole,50,2021
2021-06-18 00:00:00,12.00-14.00,Mahnwache FFF für mehr Klimaschutz,Landtag,20-30,2021
2021-06-19 00:00:00,14.00-17.00,Menschenrechte sind unverhandelbar,Aufzug/Sophienblatt (CDU),300,2021
2021-06-19 00:00:00,17.00 -20.00,Pride month-quer durchs Land-Grundgesetz für Alle,Fahrrademo,250,2021
2021-06-19 00:00:00,13.00-19.00,"Gegen den Angriff des türkischen Mlilitärs  im irakischen Kurdistan, kurdische Lager (Mohmur) und Isolation Abdullah Öcalan",Platz der Kieler Matrosen,30,2021
2021-06-19 00:00:00,13.00-19.00,"Gegen den Angriff des türkischen Mlilitärs  im irakischen Kurdistan, kurdische Lager (Mohmur) und Isolation Abdullah Öcalan",Platz der Kieler Matrosen,30,2021
2021-06-19 00:00:00,11.00-13.30,Aufklärung Gefahren von 5G,Platz der Kieler Matrosen/Europaplatz/Holstenstraße/Holstenbrüc-ke,10-20,2021
2021-06-20 00:00:00,11.00-12.30,Sozialpolitischer Frühschoppen des Sozialverbandes VdK Nord e. V.,MS Stadt Kiel,17,2021
2021-06-21 00:00:00,17.00-18.00,Spaziergang für unsere Grundrechte,Aufzug/Exerzierplatz,30-50,2021
2021-06-25 00:00:00,12.00-14.00,Dringlichkeit des Klimaschutzes und Kritik an unzureichender Klimapolitik,Landtag,5-50,2021
2021-06-28 00:00:00,,Spaziergang für unsere Grundrechte,Aufzug/Exerzierplatz,40,2021
2021-07-02 00:00:00,12.00-14.00,Mahnwache FFF für mehr Klimaschutz,Landtag,50,2021
2021-07-03 00:00:00,15.00-17.30,Klimaschutz in Norddeutschland - Wir müssen jetzt handeln!,Kaistraße/Hauptbahnhof,20-40,2021
2021-07-03 00:00:00,14.00-18.00,Lieber anders bleibt!,Aufzug/Vinetaplatz,250,2021
2021-07-05 00:00:00,17.00-18.00,Spaziergang für unsere Grundrechte,Aufzug/Exerzierplatz,30-50,2021
2021-07-09 00:00:00,12.00-22.00,Parks statt Parkplätze,Metzstraße,100,2021
2021-07-09 00:00:00,14.00-22.00,Parks statt Parkplätze,Adalbertstraße,100,2021
2021-07-09 00:00:00,14.00-18.00,"FFF, Klimaschutz, Anti-Kreuzfahrt",",",500,2021
2021-07-10 00:00:00,12.30-14.30,Christopher Street Day Kiel 2021,Aufzug/Bootshafen,800,2021
2021-07-11 00:00:00,,Plakat Nikolaikirche,Nikolaikirche,,2021
2021-07-12 00:00:00,17.00-18.00,Spaziergang für unsere Grundrechte,Aufzug/Exerzierplatz,20,2021
2021-07-14 00:00:00,17.00-20.00,"#GleicheBrustfuerAlle - Entsexualisierung der weib-
lichen Brust in der öffentlichkeit",Schrevenpark,2-50,2021
2021-07-15 00:00:00,19.00-20.30,Küstentour Robert Habeck,Blauer Engel,50,2021
2021-07-15 00:00:00,11.00-16.00,IG Metall Warnstreik ,Kieler Flughafen,50,2021
2021-07-16 00:00:00,7.00-11.00,IG Metall Warnstreik ,Kieler Flughafen,50,2021
2021-07-16 00:00:00,12.00-14.00,"Kritik an Verfehlung der Klimaziele, Bundestagswahl",Kiellinie/Landtag,5-50,2021
2021-07-19 00:00:00,17.00-18.00,Spaziergang für unsere Grundrechte,Aufzug/Exerzierplatz,20,2021
2021-07-20 00:00:00,12.00-16.00,IG Metall Warnstreik ,Kieler Flughafen,50,2021
2021-07-21 00:00:00,7.00-11.00,IG Metall Warnstreik ,Kieler Flughafen,50,2021
2021-07-23 00:00:00,12.00-16.00,"Klimakrise, Unwetterkatastrophe in NRW und RLP",Kiellinie/Landtag,15-50,2021
2021-07-24 00:00:00,13.00-14.00,Lieber anders bleibt!,Schevenbrücke,100,2021
2021-07-30 00:00:00,16.00-22.00,Dub for humanity,Sport- und Begegnungspark Gaarden,100,2021
2021-07-30 00:00:00,16.00-17.30,Brasilianerinnen gegen Bolsonaro,Kiellinie /Landtag + Rathausplatz,5,2021
2021-07-30 00:00:00,12.00-14.00,"Klimakrise, Unwetterkatastrophe in NRW und RLP",Kiellinie/Landtag,20-80,2021
2021-07-31 00:00:00,12.00-14.00,Tierschutz/gegen Massentierhaltung,Menschenkette Berliner Platz,50-200,2021
2021-07-31 00:00:00,14.00-16.30,Wir bleiben Li(e)ber Anders! - Abschiedskundgebung,Iltisstraße 34,100,2021
2021-07-31 00:00:00,10.00-13.00,Wahlkampfauftakt Bündnis 90/Die Grünen SH,Schevenbrücke,50,2021
2021-08-03 00:00:00,13.00-19.00,Massaker in Sinjar (Süd-Kurdistan),Europaplatz,30,2021
2021-08-05 00:00:00,09.15-10.15,Forderung nach einem Tarifvertrag für studentisch Beschäftigte,Landtag,20,2021
2021-08-05 00:00:00,15.30-18.00,Klimabänder - dein Wunsch an die Klimapolitik,Bahnhofsbrücke,8,2021
06.08.2021,14.00-16.00,"Klimakrise, Unwetterkatastrophe in NRW und RLP, Wahlkampf",Kiellinie/Landtag,5-60,2021
2021-08-07 00:00:00,15.00-17.00,Keine Impfungen in Schulen,Fördeblick/Kiellinie,50,2021
2021-08-13 00:00:00,14.00-16.00,Wöchentliche Mahnwache fürs Klima,Kiellinie/Landtag,30-100,2021
2021-08-14 00:00:00,14.00-18.00,Menschenrechte ,Reventlouwiese,300-1.000,2021
2021-08-14 00:00:00,09.00-14.00,Parks statt Parkplätze,Exerzierplatz 22-28,< 50,2021
2021-08-16 00:00:00,17.00-18.30,Entschlossn gegen das Abschiebegefängnis in Glückstadt,Bahnhof,25,2021
2021-08-18 00:00:00,10.30-14.00,IG Metall gestaltet Zukunft - Perspektive und Sicherheit bei CATERPILLAR,An der Schanze/Julius Fürst-Weg,10,2021
2021-08-19 00:00:00,12.00-15.00,IG Metall gestaltet Zukunft,Rendsburger Landstr. 187/191,10,2021
2021-08-19 00:00:00,19.00-20.00,"Situation in Afghanistan, Forderung zur Rettung von Gefährdeten vor Ort",Rathausplatz,100,2021
2021-08-19 00:00:00,15.15-16.45,Südspange stoppen - Antrag in der Ratsversammlung zum Thema Südspange,Kieler Schloss,200,2021
2021-08-20 00:00:00,07.30-13.30,IG Metall gestaltet Zukunft,Dr. Hell-Straße 6,10,2021
2021-08-20 00:00:00,14.00-16.00,"Klimakrise, IPCC-Report",Kiellinie/Landeshaus,15-50-,2021
2021-08-21,14.00-17.00,"Bundesweiter Aktionstag ""Wer hat der gibt"". Die Reichen sollen für die Krise zahlen.",Aufzug/Lessingplatz,500,2021
2021-08-22 00:00:00,12.15-13.15,Ohne Kerosin nach Berlin,Flensburg/Berlin,50-80,2021
2021-08-22 00:00:00,11.00-13.30,Luftbrücke jetzt! Solidarität mit Afghanistan,Aufzug/CDU Sophienblatt,500,2021
2021-08-25 00:00:00,14.30-16.30,Annalena Baerbock,Platz der Kieler Matrosen,450,2021
2021-08-25 00:00:00,13.30-14.30,"Forderungsübergabe zum Hochschulgesetz durch DGB-Jugend, junge GEW, Landesastenkonferenz und Sudents für Future",Landtag,30-150,2021
2021-08-26 00:00:00,17.00-20.00,Wahlkampfauftakt Die Linke,Vinetaplatz,200,2021
2021-08-26 00:00:00,11.30-13.00,Annalena Baerbock,Platz der Kieler Matrosen,300,2021
2021-08-26 00:00:00,14.00-18.00,Studi-Vernetzungstreffen,Hiroshimapark,20-50,2021
2021-08-27 00:00:00,19.00-21.30,Diskussion Luise Amtsberg/Ska Keller zur Europapolitik,Schevenbrücke,50,2021
2021-08-27 00:00:00,14.00-16.00,"Bildung für nachhaltige Entwicklung, Forderungen von Students for Future und Friday for Futurre zum Hochschulgesetz und zur Landtagswahl",Kiellinie/Landtag,15-50,2021
2021-08-27 00:00:00,11.45-13.00,Politische Rede von Annalena Baerbock,Platz der Kieler Matrosen,450,2021
2021-08-28 00:00:00,12.00-02.00,Raven gegen Kreuzfahrt,Ostseekai,500,2021
2021-08-30 00:00:00,17.00-18.30,Gedenken an die Toten in Abschiebehaft,Kiellinie/Landtag,25,2021
2021-09-01 00:00:00,18.00-19.00,"Anti-Kriegstag, Friedenspolitik Deutschlands vor der Wahl",Schevenbrücke,50,2021
2021-09-01 00:00:00,17.00-18.30,Gegen die wachsende Kriegsgefahr,Platz der Kieler Matrosen,20,2021
2021-09-03 00:00:00,14-16.00,Klimakrise und Gegenmaßnahmen,Kiellinie/Landtag/LT vorne?,15-50,2021
2021-09-03 00:00:00,14-16-00,Mahnwache fürs Klima - Nachhaltigkeit an Hochschulen,Kiellinie/Landtag,20-100,2021
2021-09-04 00:00:00,14.00-18.00,"Lockdown für immer? Es endet nicht, wenn wir es nicht beenden!",Aufzug/Reventlouwiese,600-1.000,2021
2021-09-08 00:00:00,09.00-12.00,Wir können auch anders! Warnstreik bei Voith Turbo Lokomotivtechnik,Uferstraße 80/Voith,50,2021
2021-09-09 00:00:00,17.00-20.00,Lieber anders bleibt!,Vinetaplatz,10-15,2021
2021-09-09 00:00:00,05.00-15.00,Streikversammlung/Demonstration,Städtisches Krankenhaus mit Aufzug,70,2021
2021-09-10 00:00:00,05.00-15.00,Streikversammlung/Demonstration,Städtisches Krankenhaus mit Aufzug,70,2021
2021-09-10 00:00:00,14.00-16.00,Klimakrise und Gegenmaßnahmen,Kiellinie/Landtag/LT vorne?,15-50,2021
2021-09-10 00:00:00,?,Turning the Tide for Climate Justice,Leuchtturm Friedrichsort,20,2021
2021-09-10 00:00:00,17.00-20.00,"Klimagerechtigketsaktivist*innenvernetzung ""Turning the Tiide for Climate Justice""",Bahnhofs-/Querkai,100,2021
2021-09-11 00:00:00,14.00-22.00,Wilhelminenstraße ist bunt,Wilhelminenstraße 11-17,100,2021
2021-09-11 00:00:00,14.00-16.00,Queere Themen bei der Bundestagswahl,Aufzug/Vinetaplatz,300,2021
2021-09-11 00:00:00,12.00-14.00,Demo in Solidarität mit Afghanistan,Aufzug/Sophienblatt (CDU),200-300,2021
2021-09-11 00:00:00,16.00-18.00,Turning the Tide ,Hafen vor Lovis,50-100,2021
2021-09-12 00:00:00,14.30-00.00,Interkulturelle Parade,Aufzug/Sport- und Begegnungspark,1.000,2021
2021-09-12 00:00:00,11.00-12.30,Gedenken an den Todesmarsch Hamburg-Kiel 1945,Gedenkstätte am Russee,100,2021
2021-09-12 00:00:00,?,Team Todenhöfer,Platz der Kieler Matrosen,500-700,2021
2021-09-15 00:00:00,18.00-22.00,Wahlkampf mit Musik,Schrevenpark,100-150,2021
2021-09-15 00:00:00,21.45.22.45,Ruhestörung und Lärmbelästigung im öffetlichen Raum nach 22 Uhr,Aufzug-Goethstr./Gutenbergstr.,50,2021
2021-09-16 00:00:00,5.00-17.00,Tarifverhandlungen Städtisches KKH Service GmbH - Streikversammlung,Städt. KKH Haupteingang/ab 14.30 Aufzug,70,2021
2021-09-17 00:00:00,14.00-16.00,Klimakrise und Gegenmaßnahmen,Kiellilnie/Landtag/LT vorne?,15-50,2021
2021-09-17 00:00:00,14.00-17.00,Klimakrise allgemein,Holtenauer Straße 27-43 Parkstreifen,15-50,2021
2021-09-17 00:00:00,16.00-22.00,Dub for Solidarity (kein Abschiebegefängnis in Glückstadt),Skatepark Gaarden,100,2021
2021-09-17 00:00:00,16.00-19.00,Inklusion und Lehrermangel,"Ministerium für Bildung, Wissenschaft und Kultur",???,2021
2021-09-17 00:00:00,14.30-18.00,Zukunft für die Industrie - Kiel steht auf für Caterpillar,Aufzug/Exerzierplatz,1.000,2021
2021-09-17 00:00:00,13.00-18.00,Internationaler Parking Day,Holtenauer Straße 158,100,2021
2021-09-17 00:00:00,12.00-17.00,Parking Day - Nachbarschaft statt Auto,Mittelstraße 23,150,2021
2021-09-17 00:00:00,15.00-17.00,"Wahl der sotialistischen Alternative ""Internationalistische Liste/MLPD""",Aufzug/ Elisabethstraße,10,2021
2021-09-17 00:00:00,18.00-19.30,"Wahl der sotialistischen Alternative ""Internationalistische Liste/MLPD""",Vinetaplatz,20,2021
2021-09-18 00:00:00,15.00-23.59,Raven gegen Kreuzfahrt,Ostseekai,500,2021
2021-09-18 00:00:00,11.00-13.00,Kinder auf's Rad! - Kidical Mass in Kiel,Aufzug/Exerzierplatz,100-200,2021
2021-09-19 00:00:00,14.00-19.00,Wahlkampf Team Todenhöfer,Platz der Kieler Matrosen,500,2021
2021-09-24 00:00:00,12.00-16.00,Klimagerechtigkeit und Bundestagswahl,Aufzug/Exerzierplatz,5.000,2021
2021-09-24 00:00:00,11.00-12.00,Zubringerdemo zum globalen Klimastreik FFF,Aufzug/Blücherplatz,100,2021
2021-09-24 00:00:00,10.30-12.00,Zubringerdemo Seebrücke Kiel zum globalen Klimastreik,Aufzug/Campus der CAU,100-200,2021
2021-09-24 00:00:00,11.00-12.00,"Klimaschutz und Kohleausstieg, FFF",Aufzug/Vinetaplatz,5-15,2021
2021-09-24 00:00:00,15.00-16.00,Wahlkampfkundgebung Die Linke,Vinetaplatz,50,2021
2021-09-24 00:00:00,17.00-20.00,Wahlveranstaltung Die Basis,Rathausplatz,200,2021
2021-09-24 00:00:00,12.00-14.00,Kampagne Armutsschatten,Platz der Kieler Matrosen,100,2021
2021-09-24 00:00:00,17.00-22.00,Fredagsbar/Wahlkampfabschluss SSW-Jugend,Schrevenpark,20-25,2021
2021-09-25 00:00:00,14.00-18.00,"Lockdown für immer? Es endet nicht, wenn wir es nicht beenden!",Reventlouwiese/Aufzug,500,2021
2021-09-25 00:00:00,17.00-20.00,Wahlkampfabschluss der SPD SH,Werftpark ,100,2021
2021-09-25 00:00:00,12.00-14.00,Tierschutz/gegen Massentierhaltung,Holstenbrücke,20-30,2021
2021-09-28 00:00:00,17.00-20.00,Safe Abortion Day,Schevenbrücke,100,2021
2021-09-28 00:00:00,13.15-14.15,Aktion zur Tarifrunde im privaten/öffentlichen Bankgewerbe,Holstenstraße/Einmündung Hafenstraße,25-30,2021
2021-10-04 00:00:00,10.00-12.00/14.00,Wasserdemo zu illegalen Holzimporten (Gorch Fock),"""Aufzug"" ab Sporthafen Wik",ca. 30,2021
2021-10-06 00:00:00,11.00-12.00,Chemische Angriffe der Türkei aus Südkurdistan,Landtag,30-50.,2021
2021-10-12 00:00:00,14.00-15.00,Hände weg vom Arbeitsvorgang! - Tarifverhandlungen  im öffentlichen Dienst,Landeshaus,25,2021
2021-10-16 00:00:00,14.00-18.00,Keine Zweiklassengesellschaft! Wir halten zusammen.,Aufzug/Reventlouwiese,500,2021
2021-10-17 00:00:00,16.00-19.00,Menschen im Dialog - Wie geht es dir in der Krise?,Exerzierplatz,100-300,2021
15.10.2021,11.00-17.00,Mahnwache Förderung Klimaschutz,Lorentzendamm 24/WTSH,3,2021
2021-10-19 00:00:00,05.00-14.30,Streikversammlung,Städtisches Krankenhaus/Haupteingang,ca. 40,2021
2021-10-21 00:00:00,09.00-12.00,Jetzt ist Schicht!  IG Metall Warnstreik,Uferstraße 80/Voith,bis 50,2021
2021-10-22 00:00:00,06.00-08.00/20.00,An- und Abreise Globaler Klimastreik Berlin (FFF),Exerzierplatz,100,2021
2021-10-28 00:00:00,12.00-13.00,Einkommensrunde 2021 mit der Tarifgemeinschaft deutscher Länder,Finanzministerium,ca. 50,2021
2021-10-28 00:00:00,15.30-16.30,Tarifverhandlungen Städtisches Krankenhaus Service GmbH,Rathausplatz,50,2021
2021-10-28 00:00:00,15.45-16.45,Tarifverhandlungen Johann-Stiftung/Schule für Physiotherapie-Ausbildung,Aufzug/Gwerkschaftshaus,ca. 30,2021
2021-10-29 00:00:00,07.00-11.30,Fairwandel konkret! Wir gestlten Zukunft! Perspektive und Sicherheit bei CATERPILLAR,Falckensteiner Str. 2-4/Werkstor,ca. 50,2021
2021-10-29 00:00:00,18.00-21.00,Kunst im öffetlichen Raum ermöglichen (statt Parkplätze),Weimarer Straße 3 (Kiez-Kiosk),50,2021
2021-10-30 00:00:00,12.00-15.00,Grünes Image ist nicht käuflich ,Westring/Möbel Höffner,150-250,2021
2021-10-30 00:00:00,15.00-19.00,Chemische Angriffe der Türkei auf Südkurdistan,Aufzug/Platz der Kieler Matrosen,200,2021
2021-10-31 00:00:00,14.00-16.00,Standing with the Earth,Bahnhofskai/Hörnbrücke,ca. 40,2021
2021-11-04 00:00:00,19.00-21.00,Kein Schlussstrich! 10. Jahrestag der Enttarnung der Terrorgruppe NSU,Platz der Kieler Matrosen ,200,2021
2021-11-11 00:00:00,09.15-12.15,Für eine solidarische Hochschule - bessere Studien- und Arbeitsbedingungen für alle!,Aufzug/Landtag,150,2021
2021-11-11 00:00:00,13.00-17.00,Chemische Angriffe der Türkei aus Südkurdistan,Platz der Kieler Matrosen,20,2021
2021-11-16 00:00:00,05.30-08.15,Tarifverhandlungen TVL/Streik,UKSH Haupteingang + Aufzug,200,2021
2021-11-16 00:00:00,10.00-12.00,Tarifverhandlungen TVL/Streik,Aufzug/Gewerkschftshaus,300,2021
2021-11-16 00:00:00,2015-08-01 07:45:00,Tarifverhandlungen TVL/Streik - UKSH + Akademie,Kieler Schloss/Aufzug,50,2021
2021-11-18 00:00:00,11.00-15.00,Gemeinsam für unsere Kinder - bessere Arbeitsbedingungen als Fundament für verlässliche Bildung,Aufzug/CAU,100-200,2021
2021-11-19 00:00:00,11.00-14.00,Deutschlandweite FFF-Streiks vor Parteizentralen wegen Koalitionsverhndlungen,"Eichhofstraße/Landesge-
schäftsstelle FDP",15-60,2021
2021-11-20 00:00:00,15.00-17.00,Solidartät für die Flüchtlinge an der EU-Grenze,Platz der Kieler Matrosen,100,2021
2021-11-22 00:00:00,11.30-13.30,Tarifverhandlungen im öffentlichen Dienst,Polizeizentrum Eichhof,ca. 200,2021
2021-11-23 00:00:00,18.00-20.00,29. Jahrestag der Möllner Brandanschläge,Bahide Arslan-Platz,100,2021
2021-11-24 00:00:00,12.30-14.00,Menschenkette und Kundgebung anlässlich der Einkommensrunde im öffetlichen Dienst,Reventloubrücke,ca. 300,2021
2021-11-25 00:00:00,18.00-20.00,Mahnwache anlässlich des internationalen Tages gegen Gewalt an FLINTA-Personen,Holstenstraße,100-200,2021
2021-11-25 00:00:00,5.30-8.15,Tarifverhandlungen TVL,Aufzug UKSH,300,2021
2021-11-25 00:00:00,10.00-12.00,Tarifverhandlungen TVL,Aufzug/Gewerkschaftshaus,400,2021
2021-11-25 00:00:00,7.45-8.45,Tarifverhandlungen Länder-UKSH/UKSH Akademie,Aufzug/Schlossplatz,35,2021
2021-11-26 00:00:00,16.00-17.30,Für mehr Klimaschutz im Koalitionsvertrag,Aufzug/Schrevenpark,ca. 100,2021
26.11.2021,08.45-10.15,Die Kuh muss vom Eis -Mehr Gehalt ist echte Anerkennung.,Finanzministerium,max. 50,2021
2021-11-27 00:00:00,12.00-14.00,Tierschutz - gegen Massentierhaltung,Berliner Platz,10-25,2021
2021-11-27 00:00:00,13.00-16.00,Für Evidenz-basierte Pandemie-Maßnahmen und Studienbegleitung aller Maßnahmen,Aufzug/Gablenzbrücke,20-50,2021
2021-12-01 00:00:00,18.00-19.00,Lichtergang zum Gedenken an HIV-Kranke und an AIDS verstorbenen Menschen,Aufzug/Welcome Center,30,2021
2021-12-01 00:00:00,08.00-10.00,Atomwaffenverbotsvertrag der UNO,Landeshaus/Mahnwache,5,2021
2021-12-02 00:00:00,18:30-20.30,"Lichtermarsch für Frieden, Freiheit und Demokratie",Aufzug/Exerzierplatz,100-150,2021
2021-12-09 00:00:00,18.30-21.30,Lichterumzug als Zeichen für den menschlichen und gesellschaftlichen Zusammenhalt,Aufzug/Exerzierplatz,300-500,2021
2021-12-11 00:00:00,15.00-?,Freiheit für Abdullah Öcalan,Aufzug /Platz der Kieler Matrosen,ca. 250,2021
2021-12-12 00:00:00,17.00-20.00,Schilderwald - Solidarität mit Geflüchteten an den Europäischen Außengrenzen,Holstenstraße,100,2021
2021-12-16 00:00:00,18:30-max.21.30,Lichterumzug für den Zusammenhalt der Menschen & Gesellschaft,Aufzug/Exerzierplatz,300-500,2021
2021-12-18 00:00:00,12.00-14.00,Tierschutz - gegen Massentierhaltung,Berliner Platz,10-25,2021
2021-12-18 00:00:00,11.30-16.00,Motorradfahrer für mehr Anerkennung und Würdigung der Pflegekräfte,Motorradaufzug/Konrad Adenauer-Damm,500,2021
2021-12-19 00:00:00,14:00-18.00,Grünes Licht für Aufnahme - Solidarität mit den Geflüchteten an der polnisch-belarussischen Grenze,Aufzug/Platz der Kieler Matrosen,400,2021
2021-12-23 00:00:00,18.30-21.30,Lichterlauf als Zeichen für unseren menschlichen und gesellschaftlichen Zusammenhalt,Aufzug/Exerzierplatz,500-1000,2021
2021-12-30 00:00:00,18.30-21.30,Lichterumzug für den menschlichen und gesellschaftlichen Zusammenhalt,Aufzug/Exerzierplatz,500-1000,2021
2021-12-31 00:00:00,19.00-22.00,Jahreswechselunzug mit Lichtern als Zeichen des Zusammenhalts,Aufzug/Exerzierplatz,500-800,2021
2022-01-05 00:00:00,17.00-17.30,Austausch für ein besseres Leben,Hiroshimapark,5-10,2022
2022-01-06 00:00:00,18.30-21.30,Lichterumzug für den menschlichen und gesellschaftlichen Zusammenhalt,Exerzierplatz/Aufzug,500-1.000,2022
2022-01-08 00:00:00,15.00-18.00,Frauen Völkmörder in Paris,Platz der Kieler Matrosen/Aufzug,ca. 200,2022
2022-01-10 00:00:00,18.00-22.00,"Für evdenzbasierte Pandemie-Maßnahmen, Polizeifestigkeit von Versammlungen, Toleranz und Integration gegenüber/von Ungeimpften, Ungetesteten und Nicht -Genesenen",Aufzug/Kronshagen,1-99,2022
2022-01-13 00:00:00,18.30-22.00,Lichterumzug für den menschlichen und gesellschaftlichen Zusammenhalt,Aufzug/Exerzierplatz,1.000-1.500,2022
2022-01-17 00:00:00,17:30-22.00,"Für evdenzbasierte Pandemie-Maßnahmen, Polizeifestigkeit von Versammlungen, Toleranz und Integration gegenüber/von Ungeimpften, Ungetesteten und Nicht -Genesenen",Aufzug/Kronshagen (Bahnhof),20-99,2022
2022-01-17 00:00:00,18.00-22.00,"Frieden, Freiheit, Selbstbestimmung - für volle Integration von ungeimpften, Ungetesteten und Genesenen ins ges. Leben - keine Einsatzhundertschften gegen Spaziergänger",Aufzug/Kronshagen (Eckernförder Straße),2(!)-99,2022
2022-01-20 00:00:00,18.30-21.30,Lichterumzug für menschlichen und gesellschaftlichen Zusammenhalt,Aufzug/Exerzierplatz,1.500,2022
2022-01-22 00:00:00,12.00-13.00,Jahrestag des Inkrafttretens des Atomwaffenverbotantrages,Rathausplatz,20-30,2022
24.01.2022,14.15-15.45,Diskriminierung beenden: Gleiche Schule - gleiche Zeugnisse!,Bildungsministerium,max. 20,2022
2022-01-26 00:00:00,09.00-11.00,Wir wünschen uns ein Dialogangebot!,Landtag,20-30,2022
2022-01-27 00:00:00,18.00-20.00,Gemeinsam und solidarisch gegen Corona,Exerzierplatz,300,2022
2022-01-27 00:00:00,18.30-21.30,Lichterumzug für den menschlichen und gesellschaftlichen Zusammenhalt,Aufzug/Rathausplatz,1.500,2022
2022-01-27 00:00:00,19.00-21.00,Für ein buntes und solidarisches Kiel,Rathausplatz,200,2022
2022-01-27 00:00:00,18.00-21.00,Hier ist kein Platz für Querdenken und Nazis!,Reventlouwiese,150,2022
2022-01-28 00:00:00,14.00-15.30,Afghanistan nicht vergessen! Don't forget Afghanistan.,Kiellinie/Landtag,25,2022
2022-01-30 00:00:00,15.30-16.30,Mit der Erde stehen - stiller und wahrnehmender Aktivismus (öffentliche Meditation),Hiroshimapark,20,2022
2022-02-03 00:00:00,17.30-18.30,Kiel für Zusammenhalt und Solidarität,Hiroshimapark,100,2022
2022-02-03 00:00:00,18:30-21.30,Lichterumzug für den menschlichen und gesellschaftlichen Zusammenhalt,Aufzug/Exerzierplatz,1.500,2022
2022-02-05 00:00:00,12.00-19.00,Gesundheit für Abdullah Öcalan,Aufzug/Skatepark Mettenhof,200,2022
2022-02-06 00:00:00,12.00-19-00,Gesundheit für Abdullah Öcalan,Aufzug/Parkplatz Schleusenstraße,200,2022
2022-02-10 00:00:00,18.30-21.30,Lichterumzug für den menschlichen und gesellschaftlichen Zusammenhalt,Aufzug/Exerzierplatz,1.500,2022
2022-02-15 00:00:00,14.00-17.00,Gesundheit für Abdullah Öcalan,Schevenbrücke,30,2022
2022-02-17 00:00:00,19.00-21.00,Kundgebung für Wissenschaft (gegen Corona-Leugnung),Dr. Mildred Scheel-Haus/UKSH,200,2022
2022-02-17 00:00:00,18.30-21.30,Lichterumzug für den menschlichen und gesellschaftlichen Zusammenhalt,Aufzug/Rathausplatz,1.500,2022
2022-02-19 00:00:00,13.00-15.00,Gedenken an die Opfer des Anschlags von Hanau,Holstenbrücke,100,2022
2022-02-19 00:00:00,16.00-18.00,Gedenken an den Anschlag in Hanau 2020,Rathausplatz,100,2022
2022-02-23 00:00:00,09.00-10.30,Für eine atomwaffenfreie Welt,Landeshaus,20,2022
2022-02-23 00:00:00,09:15-10:30,Kompletter Stop der Impfpflicht-wir müssen reden!,Landeshaus,50-100,2022
2022-02-23 00:00:00,11.00-13.30,Kompletter Stop der Impfpflicht-wir müssen reden!,Kiellinie/Landtag,50-100,2022
2022-02-24 00:00:00,17.00-17.45,Kompletter Stop der Impfpflicht-wir müssen reden!,Kiellinie/Landtag mit Aufzug zum Lagom,150,2022
2022-02-24 00:00:00,18.00-19.30,Gemeisam für Freiheit - wir wollen reden!,Kiellinie/Restaurant Lagom,150,2022
2022-02-24 00:00:00,18.30-21.30,xLichterumzug für den menschlichen und gesellschaftlichen Zusammenhalt,Aufzug/Rathausplatz,1.000-1.500,2022
2022-02-25 00:00:00,17.00-18.00,Die Waffen nieder! Zurück zu Diplomatie und Völkerrecht!,Schevenbrücke,100,2022
2022-02-25 00:00:00,19:30-31.30,Europe for Freedom Infotour,Auzug/Ostseekai,10-20 PKW,2022
2022-02-26 00:00:00,16.00-17.00,Mahnwache und Kundgebung für Solidarität mit der Ukraine und Frieden in Europa,Rathausplatz,1.000,2022
2022-02-27 00:00:00,15.30-16.30,Mit der Erde stehen - stiller und wahrnehmender Aktivismus (öffentliche Meditation),Hiroshimapark,20,2022
2022-02-28 00:00:00,?,Plakatvorstellung Grüne,Klostergarten,?,2022
2022-03-02 00:00:00,18.00-19.00,Solidarität mit den zapatistischen Gemeinden (Mexiko),Hauptbahnhof,10,2022
2022-03-02 00:00:00,09.00-11.30,Friedensmarsch,Aufzug/RBZ Königsweg-Rondeel,ca. 1.000,2022
2022-03-03 00:00:00,17.00-18.30,Für besere Arbeitsbedingungen im Sozial- und Erziehungsdienst und beom AWO-Kreisverband Kiel,Preetzer Str. 35/AWO KV Kiel,50,2022
2022-03-03 00:00:00,17.30-21.00(19.30),"Solidarität mit der Ukraine, Sofortmaßnahmen, um russisches Öl, Kohle, Gas durch erneuerbare Energie zu ersetzen ",Schevenbrücke/Europaplatz,50-500,2022
2022-03-03 00:00:00,18.30-21.30,Lichterumzug für den menschlichen und gesundheitlichen Zusammenhalt,Aufzug/Exerzierplatz,1.000-1.500,2022
2022-03-04 00:00:00,17.00-18.00,Gegen den Ukraine-Krieg,Schevenbrücke,150,2022
2022-03-05 00:00:00,12.00-14.00,Tierschutz/gegen Massentierhaltung,Berliner Platz/Wasserbecken,10-25,2022
2022-03-05 00:00:00,14.00-15.00,Musik für den Frieden in der Ukraine,Asmus Bremer-Platz/St. Nikolai,100,2022
2022-03-07 00:00:00,17.00-18.00,Protest gegen Weltkriegsgefahr,Germaniahafen/Ernst Busch-Platz,20,2022
2022-03-07 00:00:00,17.40-17.55,Mahnwache für den Frieden,Weinbergkirche,30-50,2022
2022-03-08 00:00:00,10.00-12.30,Tarifrunde Sozial- und Erziehungsdienst,Aufzug/Gewerkschaftshaus,500,2022
2022-03-08 00:00:00,16.30-20.00,Feministischer Kampftag - gegen Ausbeutung und Rassismus,Aufzug/Platz der Kieler Matrosen,ca. 200,2022
2022-03-10 00:00:00,18.30-21.30,Lichterumzug für den menschlichen und gesellschaftlichen Zusammenhalt,Aufzug/Exerzierplatz,1.000-1.500,2022
2022-03-12 00:00:00,11:00-?,Wahlkampfauftakt Die Grünen,Asmus Bremer-Platz,,2022
2022-03-12 00:00:00,?,Kurdischer Feiertag,Aufzug/Platz der Kieler Matrosen,,2022
2022-03-12 00:00:00,08.00-13.00,Fukushima-Jahrestag,Exerzierplatz/Knooper Weg,15,2022
2022-03-12 00:00:00,12.00-16.30,Frieden und Freiheit für die ganze Welt,Aufzug/Rathausplatz,2.500,2022
2022-03-13 00:00:00,13.00-16.00,Für Recht auf Selbstbestimmung,Aufzug/Reventlouwiese,400-500,2022
2022-03-14 00:00:00,17.30-18.00,Mahnwache für den Frieden,Weinbergkirche,40-50,2022
2022-03-15 00:00:00,18.00-20.00,Internationaler Tag gegen Polizeigewalt,4. Polizeirevier/Karlstal,10-50,2022
2022-03-17 00:00:00,17.00-19.00,Friedenssingen,Schönberger Straße/Cafe Luna,ca. 100,2022
2022-03-17 00:00:00,18.30-21-30,Lichterumzug für den menschlichen und gesellschaftlichen Zusammenhalt,Aufzug/Exerzierplatz,1.000-1.200,2022
2022-03-18 00:00:00,18.00-22.30,Mieten und Recht auf Stadt,Aufzug/Vinetaplatz,150,2022
2022-03-19 00:00:00,12.00-18.00,Internationaler Tag gegen Rassismus,Berliner Platz/Wasserbecken,100,2022
2022-03-20 00:00:00,16.00-20.00,Kurdisches Neujahr Newros,Aufzug/Skatepark Mettenhof,ca.300,2022
2022-03-20 00:00:00,18.30-20.00,Newrozfest,Platz der Kieler Matrosen ,bis 100,2022
2022-03-21 00:00:00,17:30-18:00,Mahnwache für den Frieden,Weinbergkirche,20-30,2022
2022-03-24 00:00:00,18.30-21.30,Lichterumzug für den menschlichen und gesellschaftlichen Zusammenhalt,Aufzug/Exerzierplatz,1.000-1.500,2022
2022-03-25 00:00:00,13.30-18.00,9. globaler Klimastreik,Aufzug/Exerzierplatz,2.500,2022
2022-03-25 00:00:00,13.00-14.00,Zubringerdemo zum Globalen Klimastreik,CAU-Campus,20-50,2022
2022-03-25 00:00:00,11.00-13.00,Aktuelle Kraftstoffpreisexplosion,Neumünster über A7 bis Landtag,100-150,2022
2022-03-26 00:00:00,19.00-23.00,Weltfrieden und Zusammenhalt,Rathausplatz + Aufzug,1.500-2.500,2022
2022-03-27 00:00:00,15.30-16.30,Mit der Erde stehen - stiller und wahrnehmender Aktivismus (öffentliche Meditation),Hiroshimapark,20,2022
2022-03-28 00:00:00,17.30-18.00,Mahnwache für den Frieden,Weinbergkirche,20-30,2022
2022-03-30 00:00:00,10.00-13.00,Warnstreik komba,Wendehammer Reventlouallee,50,2022
2022-03-31 00:00:00,09.00-11.00,"Kinder haben Rechte, Kinder haben nicht gewählt",Landtag,20-25,2022
2022-03-31 00:00:00,17.00-18.00,Trans*Day of Visibility,Europaplatz,ca. 50,2022
2022-03-31 00:00:00,18.00-21.00,Wir holen uns den Exerzierplatz zurück,Exerzierplatz,ca. 100,2022
2022-03-31 00:00:00,15.00-16.00,#TDoV 2022 #KIEL,Kiellinie/Landtag,3-15,2022
2022-04-01 00:00:00,14.00-16.00,Wahlkampfauftakt Die Linke,Asmus Bremer-Platz,ca. 150,2022
2022-04-01 00:00:00,16.00-19.00,Parking Day,Wilhelmplatz,20-50,2022
2022-04-01 00:00:00,18.00-19.30,CDU-Wahlkampftour,Parkplatz beim Bernhard Minetti-Platz,ca. 200,2022
2022-04-01 00:00:00,17.30-21.00,DieBASIS als neue Kraft im Landtag,Aufzug/Exerzierplatz/Asmus-Bremer-Platz,150,2022
2022-04-02 00:00:00,11.00-13.00,"Am 08.05. wählen gehen, keine Stimme für Nazis",Asmus-Bremer-Platz + Aufzug,ca. 30,2022
2022-04-02 00:00:00,12.00-14.00,Tierschutz/gegen Massentierhaltung,Berliner Platz/Wasserbecken,10-25,2022
2022-04-04 00:00:00,17.30-17.55,Mahnwache für den Frieden,Weinbergkirche,20-30,2022
2022-04-07 00:00:00,19.00-21.00,Kundgebung für Wissenschaft (gegen Corona-Leugnung),Dr. Mildred Scheel-Haus/UKSH,500,2022
2022-04-09 00:00:00,10.00-12.00,"Am 08.05. wählen gehen, keine Stimme für Nazis",Exerzierplatz,10,2022
2022-04-09 00:00:00,10.00-15.00,Abstand ist Anstand: Platz für Geh- und Radwege schaffen!,Holtenauer straße zwischen Waitz- und Schauenburgerstraße ,5-10,2022
2022-04-09 00:00:00,16.00-19.00,Besetzung von Norirak/Kurdistan,Aufzug/Platz der Kieler Matrosen,ca. 250,2022
2022-04-09 00:00:00,09.30-10.30,Ansprache des CDU-Generalsekretärs/Bund,Exerzierplatz/wochenmarkt,30,2022
2022-04-09 00:00:00,13.00-16.00,Politik in Europa (Volt),Aufzug/Asmus Bremer-Platz,40,2022
2022-04-09 00:00:00,13.00-16.00,Politik in Europa (Volt),Aufzug/Asmus Bremer-Platz,40,2022
2022-04-11 00:00:00,15.30-17:00,BAföG-Reform,Kiellinie/Landtag,25-50,2022
2022-04-11 00:00:00,17.30-18.00,Mahnwache für den Frieden,Weinbergkirche,20-30,2022
2022-04-12 00:00:00,14.30-16.00,Rede des Spitzenkandidaten Daniel Günther zur Landtagswahl,Bahnhofsplatz,200,2022
2022-04-14 00:00:00,18.00-20.00,Townhall-Versammlung Die Grünen,Blücherplatz,250-500,2022
2022-04-16 00:00:00,12.00-13.00,"Traditioneller Ostermarsch, Aktuelles aus der Friedenspolitik",Aufzug/Schevenbrücke,100,2022
2022-04-16 00:00:00,12.00-14.00,"Traditioneller Ostermarsch, Aktuelles aus der Friedenspolitik",Aufzug/Schevenbrücke,100,2022
2022-04-22 00:00:00,19.30-22.00,Lichterumzug für den menschlichen und gesellschaftlichen Zusammenhalt,Aufzug/Exerzierplatz,500-1.000,2022
2022-04-23 00:00:00,11.00-13.00,"Am 08.05. wählen gehen, keine Stimme für Nazis",Asmus-Bremer-Platz + Aufzug,ca. 30,2022
2022-04-23 00:00:00,10.00-12.00,"Am 08.05. wählen gehen, keine Stimme für Nazis",Exerzierplatz,10,2022
2022-04-23 00:00:00,11.00-13.00,Bessere Bezahlung der Servicebeschäftigten am UKSH - Ver.di fordert von der neuen Landesregierung Rückkehr in den TV der Länder,Aufzug/Platz der Kieler Matrosen,200,2022
2022-04-23 00:00:00,11.00-17.00,Wohnen ist ein Menschenrecht,Aufzug/Platz der Kieler Matrosen,500-1.500,2022
2022-04-23 00:00:00,11.00-15.00,Mahnwache zur Information zur Landtagswahl,Hörnbrücke/Blauer Engel,100-200,2022
2022-04-24 00:00:00,15.00-16.30,"Gedenkmarsch zum Todesmarsch und ""Arbeitserziehungslager"" Nordmark","Gedenkstein ""Arbeitserziehungslager""",40-100,2022
2022-04-24 00:00:00,15.30-16.30,Mit der Erde stehen - stiller und wahrnehmender Aktivismus (öffentliche Meditation),Hiroshimapark,20,2022
2022-04-25 00:00:00,17.30-18.00,Mahnwache für den Frieden,Weinbergkirche,20-30,2022
2022-04-25 00:00:00,18.00,Tükischer Angriff auf Kurdistan mit Chemiewaffen,Bahnhofsplatz,n. n.,2022
2022-04-28 00:00:00,15.00-19.00,Fight Terror - Support Israel!,Beliner Platz/Wasserbecken,10-25,2022
2022-04-29 00:00:00,17.00-22.00,Zum Feiern braucht Mensch kein Auto,Bergstraße,200-300,2022
2022-04-29 00:00:00,17.00-19.00,Friedenssingen ,Lunaplatz,ca. 100,2022
2022-04-29 00:00:00,08.45-10.15,Überreichung gemeinsamer agrarpolitischer Forderungen an Landtagsabgeordnete,Landeshaus,20-50,2022
2022-04-30 00:00:00,10.00-12.00,"Am 08.05. wählen gehen, keine Stimme für Nazis",Exerzierplatz,10,2022
2022-04-30 00:00:00,14.00-20.00,Wahlkampfhöhepunkt Grüne Jugend,Fördeblick-Park,70-80,2022
2022-04-30 00:00:00,21.00-24.00,Schutz der Meere,Aufzug/Klosterplatz,100,2022
2022-04-30 00:00:00,16.00-18.00,Stopp der Palästinenser-Unterdrückung und Angriffe auf die Al-Aqsa-Moschee in Jerusalem ,Aufzug/Bootshafen,400,2022
2022-05-01 00:00:00,05.00-15.00,Tag der Arbeit,Legienstraße/Exerzierplatz,2.500-3.000,2022
2022-05-01 00:00:00,08.30-10.00,Tag der Arbeit,Bootshafen,200,2022
2022-05-01 00:00:00,15.00-16.00,Cinemare Ocean Parade,Welcome Center,100-500,2022
2022-05-01 00:00:00,12.00-17.00,Feiertage auf werktags verschieben,Germaniahafen,100,2022
2022-05-01 00:00:00,09.00-15.00,1. Mai IG Metall,Platz der Kieler Matrosen/Bahnhofsplatz,100,2022
2022-05-02 00:00:00,17.30-18.00,Mahnwache für den Frieden,Weinbergkirche,20-30,2022
2022-05-04 00:00:00,18.00-19.30,R.Lang/O. Nouripur/A. Toure/L. Petersdotter,Reventlouwiese,50-150,2022
2022-05-04 00:00:00,16.00-16.30,Befreiung des AEL Nordmark,ehem. AEL Nordmark,20-30,2022
2022-05-06 00:00:00,17.00.18.30,Wahlkampf SPD,Rathausplatz,500,2022
2022-05-06 00:00:00,13.30-18.00,Landesweiter Klimastreik zur Landtagswahl,Aufzug/Exerzierplatz,7.500,2022
2022-05-06 00:00:00,13.00-14.00,Zubringerdemo zur Fridays for future Kundgebung,CAU-Campus,20-50,2022
2022-05-06 00:00:00,13:15-14.00,Zubringerdemo People for Future Kiel,Am Seefischmarkt 1-5,100-200,2022
2022-05-06 00:00:00,13:15-14.00,Zubringer-Demo Waldorfschule/FFF,Cafe Knuust/Hofholzallee 22,300,2022
2022-05-06 00:00:00,17.30-20.30,Wahlkampf-Abschluss Die Basis,Berliner Platz/Wasserbecken,100-150,2022
2022-05-06 00:00:00,11.00-11.30,Für eine Mietpreisbremse,Landeshaus,10,2022
2022-05-07 00:00:00,10.00-12.00,"Am 08.05. wählen gehen, keine Stimme für Nazis",Exerzierplatz,10,2022
2022-05-07 00:00:00,11.00-12.30,FDP-Abschlussveranstaltung Landtagswahl 2022,Rathausplatz,200,2022
2022-05-07 00:00:00,11.00-13.00,Bessere Bezahlung der Servicebeschäftigten am UKSH - Ver.di fordert von der neuen Landesregierung Rückkehr in den TV der Länder,Aufzug/Platz der Kieler Matrosen,200,2022
2022-05-07 00:00:00,14.30-16.30,Den rechten Wahlkampf durchleuchten! Die Rechten sind nicht die Lösung der Krise!,Berliner Platz/Wasserbecken,30,2022
2022-05-07 00:00:00,12.00-14.00,Tierschutz/gegen Massentierhaltung,Berliner Platz/Wasserbecken,10-25,2022
2022-05-07 00:00:00,16.00-17.00,Gedenken an das Ende des 2. Weltkrieges,Kiel War Cemetry,5-10,2022
2022-05-08 00:00:00,13.30-16.00,Seenotrettung als humanitäre Pflicht,Kiellinie A6/B1,5-10,2022
2022-05-08 00:00:00,15.00-18.00,Frieden im Ukraine-Krieg/Auto-Corso,Aufzug/Exerzierplatz,1-3 Autos,2022
2022-05-09 00:00:00,18.00-21.00,Gedenken an verstorbenen Menschen in Mannheim am 2. Mai,Aufzug/Platz der Kieler Matrosen,60,2022
2022-05-12 00:00:00,10.00-12.00,Streik Sozial- und Erziehungsdienst,Aufzug/Gewerkschaftshaus,ca. 500,2022
2022-05-12 00:00:00,16.00-18.00,Internationaler Tag der Pflegenden - für bessere Arbeitsbedingungen,Platz der Kieler Matrosen ,50,2022
2022-05-14 00:00:00,11.00-13.00,Kinder aufs Rad - Kidical Mass Kiel,Aufzug/Wilhelmplatz,100-200,2022
2022-05-15 00:00:00,13.00-15.00,Drag-Walk,Aufzug/Bahnhofsplatz,ca. 50,2022
2022-05-19 00:00:00,15.00-16.30,Freiräume in Kiel,Rathausplatz,10,2022
2022-05-21 00:00:00,10.00-17.00,Verfolgung von Falun Dafa und die Verbrechen der Kommunistischen Partei Chinas,Schevenbrücke,3-5,2022
2022-05-24 00:00:00,11.00,"Freiheit für Hossein N., Abschiebegefangener in Glückstadt",Stresemannplatz 5/Neues Rathaus,10-20,2022
2022-05-25 00:00:00,13:00:00,"Freiheit für Hossein N., Abschiebegefangener in Glückstadt",Innenministerium,10-20,2022
2022-05-26 00:00:00,22:10-?,Ruhestörung verbieten,Aufzug/Schrevenpark,ca. 50,2022
2022-05-27 00:00:00,13.00-15.30,"Klimagerechtigkeit, Fridays for Future",Aufzug/Platz der Kieler Matrosen,ca. 500,2022
2022-05-28 00:00:00,14:00-16:00,"Bleiberecht für Hossein! Abschiebungen stoppen, Abschiebegefängnis schließen!",Aufzug/Sophienblatt 44-46,ca. 100,2022
2022-06-01 00:00:00,16.00-17.00,TVStud in den Koalitionsvertrag,Alter Markt 9,ca. 30,2022
2022-06-04 00:00:00,10.00-17.00,Verfolgung von Falun Dafa und die Verbrechen der Kommunistischen Partei Chinas,Schevenbrücke,3-5,2022
2022-06-04 00:00:00,12.00-14.00,Tierschutz/gegen Massentierhaltung,Reventlouwiese,10-25,2022
2022-06-09 00:00:00,17.00-18.00,Angriffe des türkischen Staates auf Südkurdistan,Asmus Bremer-Platz,30-40,2022
2022-06-10 00:00:00,20.30-24.00,Alternative Wohnformen und Freiräume in Kiel und anderswo,Germaniahafen,50,2022
2022-06-13 00:00:00,12.00-15.00,"Koalitionsverhandlungen, Klimaschutz",Landeshaus,3-15,2022
2022-06-16 00:00:00,10.00-18.00,Parking-Day,Olshausenstraße/Uni,ca. 300,2022
2022-06-18 00:00:00,11.00-15.00,Dankestelle (für Fahrradfahrer),Veloroute 10 Ecke Kronshagener Weg stadtauswärts (kl.Rasenfläche),50,2022
2022-06-18 00:00:00,14.00-16.00,Für eine friedliche Ostsee - Nein zu BALTOPS 2022,"Flandernbunker, dann Aufzug zur Kiellinie",50,2022
2022-06-22 00:00:00,09.00-19.00,Frieden schaffen ohne Waffen,Kiellinie/Rudervereine,5-10,2022
2022-06-22 00:00:00,13:30-15.00,Schleswig-Holstein braucht ein Tariftreuegesetz,vor der Wunderino-Arena,15,2022
2022-06-22 00:00:00,16.30-18.30,Singen für die Ukraine,Aufzug/Platz vor der Hörnbrücke,70,2022
2022-06-23 00:00:00,15.45-18.15,Ukrainische Kultur vorstellen,Klosterplatz 1,50,2022
2022-06-25 00:00:00,12.00-17.00,Ukrainische Kultur vorstellen,Klosterplatz 1,50,2022
2022-06-25 00:00:00,12.00-18.00,"Für Frieden, Freiheit und ein selbstbestimmtes Leben",Aufzug/Forstbaumschule,300,2022
2022-06-25 00:00:00,09.00-19.00,Frieden schaffen ohne Waffen,Kiellinie/Rudervereine,5-10,2022
2022-06-25 00:00:00,14.00-16.00,Gegen die Militarisierung der Gesellschaft und der wachsenden Kriegsgefahr,Kiellinie 215 nördlich der Seglervereinigung Kiel,10,2022
2022-06-26 00:00:00,13.00-22.00,Festval der Vielfalt,Aufzug/Werftpark,2.500-3.000,2022
2022-07-05 00:00:00,18.00-20.00,Mahnwache zum Iuventa Prozess,Landtag,30,2022
2022-07-09 00:00:00,12.00-14.00,CSD 2022,Aufzug/Rathausplatz,1.500,2022
2022-07-16 00:00:00,18.30-19.30,Cosplayparade für die Charity Convention,Aufzug/Wunderino-Arena,150,2022
2022-07-14 00:00:00,14.00-18.00,Ehrliche und ausgewogene Berichterstattung der öffentlich-rechtlichen Medien,NDR-Landesfunkhaus,100-2.000,2022
2022-07-21 00:00:00,14.00-18.00,Aktion Leuchtturm ARD,NDR-Landesfunkhaus,100,2022
2022-07-22 00:00:00,18.00-20.00,Massaker in Suruc/Türkei,Asmus Bremer-Platz,40-60,2022
2022-07-23 00:00:00,12.00-15.00,"Solidarität mit der Ukraine, raus aus Öl und Gas, Ausbau der erneuerbare Energien  ",Aufzug/Platz der Kieler Matrosen,100-2.000,2022
2022-07-23 00:00:00,14.00-14.15,Armut,Bahnhofsplatz,10,2022
2022-07-23 00:00:00,16.00-18.30,Türkische Besatzung und Flugsperrung in Rojava,Aufzug/Platz der Kieler Matrosen,200,2022
2022-07-26 00:00:00,14.30-15.30,Mahnwache wegen Repression gegen Gewerkschafter in Italien,Wilhelmplatz 2,10,2022
2022-07-29 00:00:00,11:00-22.00,Parking Day Französisches Viertel,Metzstraße,400,2022
2022-07-30 00:00:00,11.00-18.00,Bewahrung und Förderung der christlichen Grundwerte,Holstenstraße 38,13,2022
2022-08-03 00:00:00,15.00-18.00,Massaker der Jesiden in Sindschar,Schevenbrücke,ca. 50,2022
2022-08-04 00:00:00,16.00-18.00,Ehrliche und ausgewogene Berichterstattung der öffentlich-rechtlichen Medien,NDR-Landesfunkhaus,<100,2022
2022-08-06 00:00:00,12.00-14.00,Tierschutz/gegen Massentierhaltung,Berliner Platz/Wasserbecken,25,2022
2022-08-06 00:00:00,14.00-14.30,Armut,Asmus Bremer-Platz,30,2022
2022-08-06 00:00:00,17.00-22.00,Friedensritt: Aufbäumen gegen das Aufrüsten,"Hof Wittschap, Rendsburger Landstraße 510",ca. 30,2022
2022-08-06 00:00:00,17.00-18.00,Verbot und Vernichting aller Atomwaffen,Ernst Busch-Platz,10,2022
2022-08-11 00:00:00,10.00-13.00,Inklusion rockt und rollt,Aufzug(Fahrradkorso)/Halle 400,100,2022
2022-08-11 00:00:00,16.00-18.00,Ehrliche und ausgewogene Berichterstattung der öffentlich-rechtlichen Medien,NDR-Landesfunkhaus,<100,2022
2022-08-14 00:00:00,15.00-18.00,Wir schauen nicht weg - Jahrestag der Taliban-Machtübernahme,Aufzug/Platz der Kieler Matrosen,500,2022
2022-08-16 00:00:00,17.00-20.00,Active Love,Asmus Bremer-Platz,15,2022
2022-08-18 00:00:00,16.00-18.00,Ehrliche und ausgewogene Berichterstattung der öffentlich-rechtlichen Medien,NDR-Landesfunkhaus,<100,2022
2022-08-20 00:00:00,14.00-14.30,                                                                                    ,Asmus Bremer-Platz,40,2022
2022-08-20 00:00:00,17.00.18.30,Stoppt den Krieg der Türkei in Rojava,Platz der Kieler Matrosen,ca. 50,2022
2022-08-24 00:00:00,13.00-14.00,Save Ukrainian Children,Kiellinie/Landeshaus,50,2022
2022-08-24 00:00:00,18.00-20.00,Solidartät mit der Ukraine - Für eine freie und unabhängige Ukraine,Schevenbrücke,100-500,2022
2022-08-25 00:00:00,16.00-18.00,Ehrliche und ausgewogene Berichterstattung der öffentlich-rechtlichen Medien,NDR-Landesfunkhaus,<100,2022
2022-08-25 00:00:00,16.00-19.00,Ausstellung von Straßenfotos der Verbrechen der Islamistischen Faschistischen Republik im Iran,"ggü. Haupteingang Hbf, Bahnhofsvorplatz, Platz der Kieler Matrosen",30,2022
2022-08-26 00:00:00,16.00-17.00,#StandWithUkraine,Asmus Bremer-Platz,300,2022
2022-08-28 00:00:00,12.00-20.00,Grau und eng wird grün und entspannt,Teichstraße,100,2022
2022-08-30 00:00:00,17.00-18.30,Gedenktag der Toten in Abschiebehaft,Bahnhofsbrücke,20-30,2022
2022-09-01 00:00:00,16.00-17.30,Gegen die wachsende Weltkriegsgefahr,Schevenbrücke,10,2022
2022-09-01 00:00:00,16.00-18.00,Ehrliche und ausgewogene Berichterstattung der Medien,NDR-Landesfunkhaus,20,2022
2022-09-01 00:00:00,16.00-18.00,Ehrliche und ausgewogene Berichterstattung der Medien,Kieler Nachrichten,20,2022
2022-09-03 00:00:00,12.00-15.00,Silent Line - Abschaffung der Massentierhaltung,Kiellinie B6,20,2022
2022-09-04 00:00:00,10.30-12.00,Gedenkfeier Todesmarsch Hamburg-Kiel 1945,AEL Nordmark,250,2022
2022-09-05 00:00:00,15.30-19.00,Olympia-Terrormorde München 1972,Asmus Bremer-Platz,10-15,2022
2022-09-05 00:00:00,17.30-19.00,Mahnwache für Malte/Solidarität mit allen von queerfeindlicher Gewalt Betroffenen,Rathausplatz,50,2022
2022-09-08 00:00:00,16.00-18.00,Ehrliche und ausgewogene Berichterstattung der Medien,NDR-Landesfunkhaus,20,2022
2022-09-08 00:00:00,16.00-18.00,Ehrliche und ausgewogene Berichterstattung der Medien,Kieler NachrichtenN,20,2022
2022-09-09 00:00:00,09.00-09.30,Faire Honorare für freischaffende Berufsmusiker*innen,Bildungsministerium,50,2022
2022-09-10 00:00:00,12.00-14.00,87.000 dead in Mariupol,Asmus Bremer-Platz,50,2022
2022-09-15 00:00:00,13.00-15.00,Autokorso IGAP zum Tariftreuegesetz,Aufzug/Gaardener Ring,250,2022
2022-09-15 00:00:00,16.00-18.00,Ehrliche und ausgewogene Berichterstattung der Medien,NDR-Landesfunkhaus,20,2022
2022-09-15 00:00:00,16.00-18.00,Ehrliche und ausgewogene Berichterstattung der Medien,Kieler Nachrichten,20,2022
2022-09-17 00:00:00,16.00-18.30,Queere Befreiung geht nur solidarisch,Aufzug/Sophienblatt 44,150,2022
2022-09-17 00:00:00,09.00-13.00,Für bessere Arbeitsbedingungen im Sozial- und Erziehungsdienst,Berliner Platz/Wasserbecken,15,2022
2022-09-17 00:00:00,12.00-16.00,"Parking Day Weg vom Auto, hin zum ÖPNV",Möllingstraße 24,3-5,2022
2022-09-17 00:00:00,12.00-16.00,ParkingDay,Möllingstraße 22,2(!)-5,2022
2022-09-17 00:00:00,12:05-13.00,Armut,Schevenbrücke,50,2022
2022-09-20 00:00:00,09.30-11.30,Streik der Beschäftigten des privaten Omnibusgewerbes,Aufzug/Platz der Kieler Matrosen,ca. 500,2022
2022-09-21 00:00:00,18.30-20.00,Gedenken für Masha Amini,Asmus Bremer-Platz,50,2022
2022-09-22 00:00:00,16.00-18.00,Ehrliche und ausgewogene Berichterstattung der Medien,NDR-Landesfunkhaus,20,2022
2022-09-22 00:00:00,16.00-18.00,Ehrliche und ausgewogene Berichterstattung der Medien,Kieler Nachrichten,20,2022
2022-09-23 00:00:00,13.15-14.00,10. Globaler Klimastreik,Christian Albrechts-Platz,50,2022
2022-09-23 00:00:00,14.00-19.00,"Klimagerechtigkeit, steigender Meeresspiegel, Fridays for Future",Reventlouwiese + Aufzug,3.000,2022
2022-09-23 00:00:00,13.00-19.00,Lieber Wasser unterm Kiel als Kiel unter Wasser,Kiellinie,40,2022
2022-09-23 00:00:00,13.15-14.00,Globaler Klimastreik,Auzug/Exerzierplatz,100,2022
2022-09-24 00:00:00,14.00-15.00,Gemeinsam für Kinderrechte,Aufzug/Platz der Kinderrechte,25,2022
2022-09-26 00:00:00,18.00-19.30,"""Friedensdemo""",Aufzug/Asmus Bremer-Platz,40,2022
2022-09-27 00:00:00,18.00-20.00,Gegen steigende Energiepreise ,Platz der Kieler Matrosen,100,2022
2022-09-28 00:00:00,17.00-19.00,Safe Abortion Day,Platz der Kieler Matrosen,50-150,2022
2022-09-28 00:00:00,17.00-18.30,Frieden schaffen ohne Waffen,Holstenbrücke Ecke Bootshafen,3,2022
2022-09-28 00:00:00,16.00-18.00,Menschenrechtssituation Iran,Landtag,150-200,2022
2022-09-29 00:00:00,16.00-18.00,Ehrliche und ausgewogene Berichterstattung der Medien,NDR-Landesfunkhaus,20,2022
2022-09-29 00:00:00,16.00-18.00,Ehrliche und ausgewogene Berichterstattung der Medien,Kieler Nachrichten,20,2022
2022-10-01 00:00:00,12.00-18.00,Aufklärung über den politischen Islam,Rathausplatz,25-50,2022
2022-10-01 00:00:00,15.00-17.00,Solidarität mit den Protesten gegen das Mullahregime im Iran,"Aufzug, Platz der Kieler Matrosen",100,2022
2022-10-01 00:00:00,12.00-15.00,Silent Line - Abschaffung der Massentierhaltung,Berliner Platz Wasserbecken,20,2022
2022-10-03 00:00:00,18.00 - 19.30,"""Friedensdemo""","Aufzug, Asmus-Bremer-Platz",50,2022
2022-10-06 00:00:00,16.00-18.00,"Redlicher, unabhängiger und multipolarer Journalismus",NDR-Landesfunkhaus,ca. 20,2022
2022-10-06 00:00:00,16.00-18.00,"Redlicher, unabhängiger und multipolarer Journalismus",Kieler Nachrichten,ca. 20,2022
2022-10-10 00:00:00,12.30-14.00,Kundgebung OVN,Faluner Weg 2 (Veranstaltungszentrum),300-500,2022
2022-10-12 00:00:00,13.00-17.00,Kurdische Genossen -  Zelt und Unterschriften sammeln,Schevenbrücke,ca. 20,2022
2022-10-13 00:00:00,16.00-18.00,"Redlicher, unabhängiger und multipolarer Journalismus",NDR-Landesfunkhaus,ca. 20,2022
2022-10-13 00:00:00,16.00-18.00,"Redlicher, unabhängiger und multipolarer Journalismus",Kieler Nachrichten,ca. 20,2022
2022-10-14 00:00:00,17.00-19.00,Solidaritätsbekundung mit der Ukraine,Aufzug/Hauptbahnhof,300-600,2022
2022-10-15 00:00:00,12.50-15.30,"Preise runter, löhne rauf!",Langer Rehm 22/REWE,10,2022
2022-10-17 00:00:00,16.00-18.00,Preise runter - Die Reichen zur Kasse!,Kirchhofallee,5,2022
2022-10-18 00:00:00,17:30-19.00,Gegen Chemiewaffeneinsaätze der Türkei,Hauptbahnhof,50,2022
2022-10-19 00:00:00,13.00-17.00,Kurdische Genossen -  Zelt und Unterschriften sammeln,Asmus-Bremer-Platz,ca.20,2022
2022-10-20 00:00:00,16.00-18.00,"Redlicher, unabhängiger und multipolarer Journalismus",NDR-Landesfunkhaus,ca. 20,2022
2022-10-20 00:00:00,16.00-18.00,"Redlicher, unabhängiger und multipolarer Journalismus",Kieler Nachrichten,ca. 20,2022
2022-10-21 00:00:00,17.00-19.00,Preise runter - Die Reichen zur Kasse!,Vinetaplatz,50,2022
2022-10-21 00:00:00,14.00-18.00,Wärmewende regional voranbringen,Asmus Bremer-Platz,50,2022
2022-10-22 00:00:00,13.00-16.00,Preise runter - die Reichen zur Kasse!,Aufzug/Schevenbrücke,200,2022
2022-10-22 00:00:00,15.00-16.45,Politik führt uns in die Armut,Aufzug/Asmus Bremer-Platz,50,2022
2022-10-22 00:00:00,15.00-17.00,"Friedensdemo ""die Basis""",Aufzug/Asmus Bremer-Platz,50,2022
2022-10-24 00:00:00,18.00-19.45,Politik führt uns in die Armut,Aufzug/Asmus Bremer-Platz,90,2022
2022-10-23 00:00:00,15:00-17.30,"Coronapolitik, Inflation, Außenpolitik, Deutsche Interessen",Aufzug/Rathausplatz,500,2022
2022-10-26 00:00:00,13.00-17.00,Kurdische Genossen -  Zelt und Unterschriften sammeln,Schevenbrücke,ca.20,2022
2022-10-27 00:00:00,16.00-18.00,"Redlicher, unabhängiger und multipolarer Journalismus",NDR-Landesfunkhaus,ca. 20,2022
2022-10-27 00:00:00,16.00-18.00,"Redlicher, unabhängiger und multipolarer Journalismus",Kieler Nachrichten,ca. 20,2022
2022-10-27 00:00:00,18.00-19.45,Politik führt uns in die Armut,Aufzug/Asmus Bremer-Platz,60,2022
2022-10-29 00:00:00,16.00-20.00,Iran,Aufzug/Rathausplatz,200-600,2022
2022-10-29 00:00:00,15.00-16.45,Politik führt uns in die Armut,Aufzug/Schevenbrücke,50,2022
2022-10-29 00:00:00,16.00-18.00,Solidarität mit den Iraner*innen im Kampf gegen die Diktatur,Aufzug/Stresemannplatz,400,2022
2022-10-31 00:00:00,18.00-19.45,Politik führt uns in die Armut,Aufzug/Asmus Bremer-Platz,50,2022
2022-11-02 00:00:00,13.00-15.00,Campuskundgebung - Solidarität mit dem Iran,Christian Albrechts-Platz,400,2022
2022-11-02 00:00:00,13.00-17.00,Kurdische Genossen -  Zelt und Unterschriften sammeln,Asmus-Bremer-Platz,ca. 20,2022
2022-11-03 00:00:00,16.00-18.00,"Redlicher, unabhängiger und multipolarer Journalismus",NDR-Landesfunkhaus,20-40,2022
2022-11-03 00:00:00,16.00-18.00,"Redlicher, unabhängiger und multipolarer Journalismus",NDR-Landesfunkhaus,20-40,2022
2022-11-05 00:00:00,12.00-15.00,Tierwohl,Kichhofallee 68/LIDL,10,2022
2022-11-05 00:00:00,15.00-16.45,Politik führt uns in die Armut,Aufzug/Hafenstraße,40,2022
2022-11-06 00:00:00,15.00-18.00,"Coronapolitik, Inflation, Außenpolitik, Deutsche Interessen",Rathausplatz,500,2022
2022-11-07 00:00:00,19.00-20.00,Mahnwache gegen queerfeindliche Gewalt,Ziegelteich/Hopfenstraße,50,2022
2022-11-07 00:00:00,18.00-19.45,Politik führt uns in die Armut,Aufzug/Hafenstraße,40,2022
2022-11-10 00:00:00,16.00-18.00,"Redlicher, unabhängiger und multipolarer Journalismus",NDR-Landesfunkhaus,20-40,2022
2022-11-10 00:00:00,16.00-18.00,"Redlicher, unabhängiger und multipolarer Journalismus",Kieler Nachrichten,20-40,2022
2022-11-10 00:00:00,18.00-19.45,Politik führt uns in die Armut,Aufzug/Andreas Gayk-Str./Hafenstr.,30,2022
2022-11-12 00:00:00,15.00-18.00,Solidarität mit Iran,Aufzug/Platz der Kieler Matrosen,1.000-2.000,2022
2022-11-12 00:00:00,15.00-16.45,Politik führt uns in die Armut,Aufzug/Hafenstraße,30,2022
2022-11-14 00:00:00,18.00-19.45,Politik führt uns in die Armut,Aufzug/Exerzierplatz,40,2022
2022-11-16 00:00:00,09.30-10.30,Warnstreik IG Metall,Aufzug/Adolf Westphal-Str.2,300,2022
2022-11-16 00:00:00,09.30-10.30,Warnstreik IG Metall,Aufzug TKMS,1.000,2022
2022-11-16 00:00:00,10.30-14.00,Warnstreik IG Metall,Sternmärsche/Aufzug Platz der Kieler Matrosen/Wilhelmplatz,2500,2022
2022-11-17 00:00:00,16.00-18.00,"Redlicher, unabhängiger und multipolarer Journalismus",NDR-Landesfunkhaus,20-40,2022
2022-11-17 00:00:00,16.00-18.00,"Redlicher, unabhängiger und multipolarer Journalismus",NDR-Landesfunkhaus,20-40,2022
2022-11-19 00:00:00,12.45-15.30,"Preise runter, löhne rauf!",Langer Rehm 22/REWE,15,2022
2022-11-19 00:00:00,15.00-17.15,Politik führt uns in die Armut,Aufzug/Exerzierplatz,300,2022
2022-11-19 00:00:00,11.00-15.00,"Ukraine-Krieg, Allgemeine Kriegsgefahr",Berliner Platz/Holstenstraße,200,2022
2022-11-19 00:00:00,15.00-17.00,Solidarität mit der Revolution im Iran 2022,Aufzug/Platz der Kieler Matrosen,500,2022
2022-11-19 00:00:00,12.00-13.00,European Border Action Amnesty International,Howe-Haus/Schevenbrücke,20,2022
2022-11-20 00:00:00,16.00-17.00,Gegen die wachsende Weltkriegsgefahr,Schrevenpark,10,2022
2022-11-21 00:00:00,17.00-18.00,Mahnwache an den am 14.11.2022 verstorbenen Radfahrer,Hasseldieksdammer weg/Chemnitzstraße,ca. 50,2022
2022-11-21 00:00:00,17.00-18.00,Türkische Angriffe auf Kurden in Nordsyrien,Platz der Kieler Matrosen,ca. 100,2022
2022-11-21 00:00:00,18.00-19.45,Politik führt uns in die Armut,Aufzug/Exerzierplatz,40,2022
2022-11-23 00:00:00,18.00.21.00,Gedenken an den Brandanschlag von Mölln,Aufzug/Berliner Platz,500,2022
2022-11-23 00:00:00,17.00-18.00,Türkische Angriffe auf Kurden in Nordsyrien,Platz der Kieler Matrosen,100-150,2022
2022-11-24 00:00:00,16.00-18.00,"Redlicher, unabhängiger und multipolarer Journalismus",NDR-Landesfunkhaus,20-40,2022
2022-11-24 00:00:00,16.00-18.00,"Redlicher, unabhängiger und multipolarer Journalismus",Kieler Nachrichten,20-40,2022
2022-11-24 00:00:00,13.00-15.00,Autokorso IGAP zum Tariftreuegesetz,Auifzug/Gaardener Ring,250,2022
2022-11-24 00:00:00,18.00-19.30,Politik führt uns in die Armut,Aufzug/Exerzierplatz,30,2022
2022-11-25 00:00:00,16.45-18.15,Orange Walk/Nein zur Gewalt an Frauen,Aufzug/Holstenstr. 108,100,2022
2022-11-25 00:00:00,17.45-19.15,Gewalt gegen Eine* ist Gewalt gegen uns alle!,Holstenstraße,150,2022
2022-11-15 00:00:00,17.00-18.00,Resourcenverschwendung/-schutzgesetz,Aufzug/Lange Reihe,3-5,2022
2022-11-26 00:00:00,15.00-17.00,Politik führt uns in die Armut,Aufzug/Exerzierplatz,100,2022
2022-11-26 00:00:00,15.45-17.45,Gedenken an Opfer des russischen Angriffskrieges ond des Holodomors (1932-33),Schumacherstraße/St. Nikolai,200-500,2022
2022-11-26 00:00:00,14.00-17.00,Völkerrechtswidriger Angriffskrieg der Türkei in Rojava,Aufzug/Bootshafen,300,2022
2022-11-28 00:00:00,18.00-19.45,Politik führt uns in die Armut,Aufzug/Exerzierplatz,40,2022
2022-11-29 00:00:00,10.30-11.30,ÖPNV-Finanzierung/VK Verkehrsminister ,Landeshaus,20-80,2022
2022-11-29 00:00:00,16.00-18.00,Preise runter - Die Reichen zur Kasse!,Famila Mettenhof,10,2022
2022-11-30 00:00:00,17.00-19.00,Preise runter - Die Reichen zur Kasse!,Vinetaplatz,50,2022
2022-11-30 00:00:00,15.00-16.00,Kiellinie Nord für mehr Aufenthaltsqualität nutzen,Kiellinie (Bellvue/WSA),15,2022
2022-12-01 00:00:00,18.00-19.00,Lichtergang Welt-AIDS-Tag,Aufzug/Stresemannplatz,25,2022
2022-12-01 00:00:00,16.30-18.00,"Redlicher, unabhängiger und multipolarer Journalismus",NDR-Landesfunkhaus,20,2022
2022-12-01 00:00:00,17.00-18.00,"Redlicher, unabhängiger und multipolarer Journalismus",Kieler Nachrichten,20,2022
2022-12-02 00:00:00,17.00-18.00,Türkische Angriffe auf Kurden in Nordsyrien,Hauptbahnhof/Sophienblatt,   ,2022
2022-12-03 00:00:00,15.00-17.30,Politik führt uns in die Armut,Aufzug/Exerzierplatz,50,2022
2022-12-03 00:00:00,13.00-16.00,Preise runter - Die Reichen zur Kasse!,Aufzug/Bootshafen,300,2022
2022-12-03 00:00:00,12.00-15.00,Tierschutz/gegen Massentierhaltung,Berliner Platz/Holstenstraße,15,2022
2022-12-05 00:00:00,18.00-19.45,Politik führt uns in die Armut,Aufzug/Exerzierplatz,25,2022
2022-12-08 00:00:00,16.30-18.00,"Redlicher, unabhängiger und multipolarer Journalismus",NDR-Landesfunkhaus,20,2022
2022-12-08 00:00:00,17.00-18.00,"Redlicher, unabhängiger und multipolarer Journalismus",Kieler Nachrichten,20,2022
2022-12-10 00:00:00,15.00-17.00,Politik führt uns in die Armut,Aufzug/Exerzierplatz,40,2022
2022-12-10 00:00:00,17.30-18.30,Solidartät mit iranischer Revolution,Hafenstraße,10-150,2022
2022-12-10 00:00:00,19.00-20.00,Gedenkveranstaltung an Mohsen Shekari,St. Nikolai-Kirche,150,2022
2022-12-11 00:00:00,14.45-15.30,Friedenslicht aus Betlehem,Aufzug/Hauptbahnhof,350-400,2022
2022-12-12 00:00:00,18.00-19.45,Politik führt uns in die Armut,Aufzug/Exerzierplatz,40,2022
2022-12-14 00:00:00,14.30-16.30,Wohnraummangel von Studierenden in Kiel,Landeshaus,50,2022
2022-12-14 00:00:00,17.00-20.00,Gefangen auf der Mittelinsel! Wünsche für bessere Bedingungen für den Fußverkehr,Holstenstraße/Ziegelteich,mind. 5,2022
2022-12-14 00:00:00,13.30-16.30,"""Sondermahnwache"": Redlicher, unabhängiger und multipolarer Journalismus",NDR-Landesfunkhaus,max. 40,2022
2022-12-15 00:00:00,17.00-18.00,"Redlicher, unabhängiger und multipolarer Journalismus",Kieler Nachrichten,20,2022
2022-12-17 00:00:00,15.00-18.00,Für mehr Menschlichkeit auf dem Mittelmeer,Bootshafen,50,2022
2022-12-17 00:00:00,11.00-15.00,"Ukraine-Krieg, Friedenspolitik allgemein",Holstenstraße/Berliner Platz,max. 50,2022
2022-12-17 00:00:00,11.30-15.00,Motorradfahrer für Pflegekräfte/Fördelütten e. V.,Aufzug Konrad Adenauer-Damm 2,500,2022
2022-12-17 00:00:00,15.00-17.00,Politik führt uns in die Armut,Aufzug/Exerzierplatz,40,2022
2022-12-17 00:00:00,15.00-16.00,Solidarität mit dem Iran,Aufzug/Gaardener Ring,ca. 100,2022
2022-12-19 00:00:00,18.00-18.45,Politik führt uns in die Armut,Aufzug/Exerzierplatz,30,2022
2022-12-22 00:00:00,16.30-18.00,"Redlicher, unabhängiger und multipolarer Journalismus",NDR-Landesfunkhaus,20,2022
2022-12-22 00:00:00,17.00-18.00,"Redlicher, unabhängiger und multipolarer Journalismus",Kieler Nachrichten,20,2022
2022-12-23 00:00:00,14.30-18.00,Motorradfahrer für Pflegekräfte/Fördelütten e. V.,Aufzug Konrad Adenauer-Damm 2,500,2022
2022-12-27 00:00:00,17.00-19.00,Anschlag in kurdische Verein in Paris,Schevenbrücke,ca. 100,2022
2022-12-29 00:00:00,16.30-18.00,"Redlicher, unabhängiger und multipolarer Journalismus",NDR-Landesfunkhaus,max. 40,2022
2022-12-31 00:00:00,21.00-01.00,Freiheit für alle Gefangenen - Knäste abschaffen,JVA Kiel,30,2022
